model,tfidf_cosine,sbert_cosine,keyword_coverage
ChatGPT,0.36163897865959593,0.6399904,0.6472868217054263
Gemini,0.31096879003309374,0.6287458,0.6747709654686399
SheiktGPT,0.326900151767247,0.58766663,0.6361874559548978
